 fecha del paciente,Nombre del paciente,Sexo,Fecha de nacimiento,Edad (años),Número de expediente clínico,Fecha de ingreso al hospital,Fecha de solicitud de intervención quirúrgica,Procedencia,Diagnostico preoperatorio,Cirugía programada,Tipo de cirugía por la complejidad del evento.,Tipo de cirugía por la urgencia o emergencia de la intervención,¿Se realizo la intervención quirúrgica?,Seleccione o anote la causa del diferimiento quirúrgico,División quirúrgica ,Cirujano responsable del acto quirúrgico,Especialidad quirúrgica,Cirujano pediatra responsable del acto quirúrgico,Especialidad quirúrgica.1,Traumatólogo responsable del acto quirúrgico,Fecha de cirugía,Sala quirúrgica{1-15},Hora de ingreso a sala quirúrgica,Nombre del responsable de la anestesia,Hora de inicio de anestesia,Técnica anestésica,Hora de inicio de la cirugía,Fecha de termino de la cirugía,Hora de termino de la cirugía,Cirugía realizada,Diagnóstico postoperatorio,Hora de termino de anestesia,Hora de pase a recuperación,Observaciones,Hora de egreso del área de quirófanos o cirugía ambulatoria,Destino del paciente,¿El diagnóstico preoperatorio coincide con el diagnóstico postoperatorio?,Responsable de la información,¿El paciente recibió alguna transfusión durante el evento quirúrgico?,División quirúrgica  que hace el diferimiento,¿Es la primera cirugía del turno?
4/11/2024 7:49:37,Padilla Mendoza Doris del Carmen,Femenino,29/5/1960,63,030782024,28/3/2024,8/4/2024,Urgencias Adultos,fractura de clavicula derecha y fractura supracondilea de humero distal izquierdo,09-04-20224,Mayor,Electiva,Sí,,Traumatología y Ortopedia,,,,,Juan Perez Perez,9/4/2025,1,3:15:00 p. m.,Agustin Domiguez,3:32:00 p. m.,General,3:55:00 p. m.,9/4/2024,6:14:00 p. m.,RAFI con placa LCP para humero distal izquierdo y RAFI Placa de reconstruccion 3.5 a clavicula,Fractura de clavicula izquierda mas Fractura de humero distal izquierdo,6:25:00 p. m.,7:04:00 p. m.,ninguna,8:30:00 p. m.,Hospitalización,Sí,Elibardo Cuellar Rios,,,
4/11/2024 8:06:26,zozaya guadalupe,Femenino,6/9/1952,72,00577/2022,9/4/2024,3/4/2024,Consulta Externa,fx cadera izq,colocacion de hemiprotesis tipo thompson,Mayor,Electiva,Sí,,Traumatología y Ortopedia,,,,,Roberto Pinto Macias,9/4/2025,1,9:35:00 a. m.,Virgilio Lopez,10:19:00 a. m.,Regional,10:35:00 a. m.,9/4/2024,11:40:00 a. m.,colocacion de hemiprotesis de cadera tipo thompson,fx cadera izq,11:50:00 a. m.,12:04:00 p. m.,,2:20:00 p. m.,Hospitalización,Sí,MARIA JOSE MARIN ZEPEDA,,,
11/04/2026 00:16:06,Marta Morales 0,Femenino,26/04/1966,60,EXP-5462,06/04/2026,09/04/2026,Consulta Externa,Apendicitis,Sí,Menor,Electiva,Sí,,Traumatología,Dr. Karev,Cirugía,,,,11/04/2026,4,08:00 a.m.,Dr. Kim,08:15 a.m.,Local,08:30 a.m.,11/04/2026,10:30 a.m.,Apendicitis,Apendicitis,10:45 a.m.,11:00 a.m.,,13:00 p.m.,Hospitalización,Sí,Admin Sistema,No,,No
11/04/2026 00:16:06,Pedro Flores 1,Masculino,30/04/1948,78,EXP-4229,10/04/2026,11/04/2026,Urgencias,Hernia umbilical,Sí,Mayor,Urgencia,Sí,,Gastroenterología,Dr. Karev,Cirugía,,,,11/04/2026,15,08:00 a.m.,Dra. Lee,08:15 a.m.,Local,08:30 a.m.,11/04/2026,10:30 a.m.,Hernia umbilical,Hernia umbilical,10:45 a.m.,11:00 a.m.,,13:00 p.m.,Hospitalización,Sí,Admin Sistema,No,,No
11/04/2026 00:16:06,Marta Morales 2,Femenino,14/04/2012,14,EXP-4807,08/04/2026,11/04/2026,Urgencias,Fractura de fémur,Sí,Menor,Urgencia,Sí,,Cirugía General,,,Dra. Yang,Pediatría,,11/04/2026,7,08:00 a.m.,Dra. Lee,08:15 a.m.,Regional,08:30 a.m.,11/04/2026,10:30 a.m.,Fractura de fémur,Fractura de fémur,10:45 a.m.,11:00 a.m.,,13:00 p.m.,Hospitalización,Sí,Admin Sistema,No,,No
11/04/2026 00:16:06,Marta Morales 3,Masculino,16/04/2007,19,EXP-6191,07/04/2026,11/04/2026,Hospitalización,Colecistitis,Sí,Mayor,Urgencia,No,Urgencia mayor desplazó la cirugía,Traumatología,,,,,,,,,,,,,,,,,,,,,,,Admin Sistema,,Dirección Médica,
11/04/2026 00:16:06,Marta Morales 4,Masculino,12/04/2021,5,EXP-7413,08/04/2026,09/04/2026,Hospitalización,Hernia umbilical,Sí,Menor,Urgencia,Pendiente,,Gastroenterología,,,,,,14/04/2026,13,,,,,,,,,,,,,,,,Admin Sistema,,,
11/04/2026 00:16:06,Carmen Cruz 5,Femenino,22/04/1981,45,EXP-7279,09/04/2026,09/04/2026,Consulta Externa,Colecistitis,Sí,Menor,Urgencia,Sí,,Traumatología,Dra. Grey,Cirugía,,,,11/04/2026,10,08:00 a.m.,Dr. Kim,08:15 a.m.,Local,08:30 a.m.,11/04/2026,10:30 a.m.,Colecistitis,Colecistitis,10:45 a.m.,11:00 a.m.,,13:00 p.m.,Hospitalización,Sí,Admin Sistema,No,,No
11/04/2026 00:16:06,Pedro Flores 6,Masculino,17/04/2000,26,EXP-1037,09/04/2026,09/04/2026,Consulta Externa,Apendicitis,Sí,Menor,Urgencia,Sí,,Traumatología,Dr. House,Cirugía,,,,11/04/2026,3,08:00 a.m.,Dr. Sue,08:15 a.m.,Regional,08:30 a.m.,11/04/2026,10:30 a.m.,Apendicitis,Apendicitis,10:45 a.m.,11:00 a.m.,,13:00 p.m.,Hospitalización,Sí,Admin Sistema,No,,Sí
11/04/2026 00:16:06,Jose Ramirez 7,Masculino,24/04/1974,52,EXP-1479,09/04/2026,11/04/2026,Hospitalización,Apendicitis,Sí,Menor,Urgencia,Sí,,Gastroenterología,Dra. Yang,Cirugía,,,,11/04/2026,8,08:00 a.m.,Dr. Sue,08:15 a.m.,General,08:30 a.m.,11/04/2026,10:30 a.m.,Apendicitis,Apendicitis,10:45 a.m.,11:00 a.m.,,13:00 p.m.,Hospitalización,Sí,Admin Sistema,No,,Sí
11/04/2026 00:16:06,Maria Gomez 8,Masculino,20/04/1988,38,EXP-6844,10/04/2026,10/04/2026,Urgencias,Fractura de fémur,Sí,Menor,Urgencia,Pendiente,,Traumatología,,,,,,15/04/2026,9,,,,,,,,,,,,,,,,Admin Sistema,,,
11/04/2026 00:16:06,Maria Gomez 9,Masculino,15/04/2011,15,EXP-5601,09/04/2026,10/04/2026,Urgencias,Fractura de fémur,Sí,Mayor,Electiva,No,Urgencia mayor desplazó la cirugía,Traumatología,,,,,,,,,,,,,,,,,,,,,,,Admin Sistema,,Dirección Médica,
11/04/2026 00:16:06,Pedro Flores 10,Masculino,30/04/1951,75,EXP-2957,07/04/2026,09/04/2026,Consulta Externa,Colecistitis,Sí,Menor,Electiva,Sí,,Traumatología,Dr. Shepherd,Cirugía,,,,11/04/2026,6,08:00 a.m.,Dr. Kim,08:15 a.m.,Local,08:30 a.m.,11/04/2026,10:30 a.m.,Colecistitis,Colecistitis,10:45 a.m.,11:00 a.m.,,13:00 p.m.,Hospitalización,Sí,Admin Sistema,Sí,,Sí
11/04/2026 00:16:06,Carmen Cruz 11,Femenino,01/05/1946,80,EXP-5552,10/04/2026,10/04/2026,Consulta Externa,Apendicitis,Sí,Mayor,Urgencia,No,Falta de ayuno,Cirugía General,,,,,,,,,,,,,,,,,,,,,,,Admin Sistema,,Dirección Médica,
11/04/2026 00:16:06,Laura Gonzalez 12,Femenino,23/04/1979,47,EXP-7693,07/04/2026,10/04/2026,Hospitalización,Colecistitis,Sí,Menor,Electiva,Sí,,Cirugía General,Dr. Shepherd,Cirugía,,,,11/04/2026,7,08:00 a.m.,Dr. Kim,08:15 a.m.,General,08:30 a.m.,11/04/2026,10:30 a.m.,Colecistitis,Colecistitis,10:45 a.m.,11:00 a.m.,,13:00 p.m.,Hospitalización,Sí,Admin Sistema,Sí,,Sí
11/04/2026 00:16:06,Maria Gomez 13,Masculino,20/04/1989,37,EXP-3428,06/04/2026,09/04/2026,Consulta Externa,Apendicitis,Sí,Mayor,Urgencia,Pendiente,,Gastroenterología,,,,,,16/04/2026,11,,,,,,,,,,,,,,,,Admin Sistema,,,
11/04/2026 00:16:06,Marta Morales 14,Femenino,16/04/2005,21,EXP-1646,10/04/2026,11/04/2026,Urgencias,Hernia umbilical,Sí,Mayor,Electiva,Sí,,Cirugía General,Dra. Grey,Cirugía,,,,11/04/2026,2,08:00 a.m.,Dr. Sue,08:15 a.m.,Regional,08:30 a.m.,11/04/2026,10:30 a.m.,Hernia umbilical,Hernia umbilical,10:45 a.m.,11:00 a.m.,,13:00 p.m.,Hospitalización,Sí,Admin Sistema,No,,No
11/04/2026 00:16:06,Carmen Cruz 15,Femenino,22/04/1982,44,EXP-7437,09/04/2026,11/04/2026,Hospitalización,Apendicitis,Sí,Menor,Urgencia,No,Falta de sangre,Gastroenterología,,,,,,,,,,,,,,,,,,,,,,,Admin Sistema,,Dirección Médica,
11/04/2026 00:16:06,Ana Martinez 16,Masculino,19/04/1993,33,EXP-4948,07/04/2026,10/04/2026,Urgencias,Fractura de fémur,Sí,Menor,Electiva,Sí,,Cirugía General,Dra. Grey,Cirugía,,,,11/04/2026,10,08:00 a.m.,Dra. Lee,08:15 a.m.,Local,08:30 a.m.,11/04/2026,10:30 a.m.,Fractura de fémur,Fractura de fémur,10:45 a.m.,11:00 a.m.,,13:00 p.m.,Hospitalización,Sí,Admin Sistema,No,,No
11/04/2026 00:16:06,Pedro Flores 17,Femenino,20/04/1988,38,EXP-6334,06/04/2026,10/04/2026,Hospitalización,Hernia umbilical,Sí,Menor,Urgencia,Pendiente,,Gastroenterología,,,,,,12/04/2026,6,,,,,,,,,,,,,,,,Admin Sistema,,,
11/04/2026 00:16:06,Laura Gonzalez 18,Femenino,16/04/2005,21,EXP-7503,10/04/2026,11/04/2026,Hospitalización,Hernia umbilical,Sí,Menor,Urgencia,Sí,,Gastroenterología,Dr. Shepherd,Cirugía,,,,11/04/2026,8,08:00 a.m.,Dr. Sue,08:15 a.m.,General,08:30 a.m.,11/04/2026,10:30 a.m.,Hernia umbilical,Hernia umbilical,10:45 a.m.,11:00 a.m.,,13:00 p.m.,Hospitalización,Sí,Admin Sistema,No,,No
11/04/2026 00:16:06,Jose Ramirez 19,Masculino,20/04/1988,38,EXP-6851,08/04/2026,11/04/2026,Hospitalización,Fractura de fémur,Sí,Mayor,Urgencia,Sí,,Traumatología,Dra. Grey,Cirugía,,,,11/04/2026,2,08:00 a.m.,Dr. Sue,08:15 a.m.,Local,08:30 a.m.,11/04/2026,10:30 a.m.,Fractura de fémur,Fractura de fémur,10:45 a.m.,11:00 a.m.,,13:00 p.m.,Hospitalización,Sí,Admin Sistema,No,,Sí
